{
    "New Year's Day": 603.70009,
    "Martin Luther King Jr. Day": 0.91347,
    "President's Day": 2.43309,
    "Super Bowl Sunday": 0.96514,
    "Valentine's Day": 121.37235,
    "St. Patrick's Day": 22.67995,
    "Easter": 302.35843,
    "Earth Day": 1.21423,
    "Mother's Day": 443.99449,
    "Memorial Day": 5.32707,
    "Father's Day": 184.28933,
    "Juneteenth": 0.05844,
    "Independence Day": 123.10009,
    "Labor Day": 3.63827,
    "Columbus Day": 0.94911,
    "Halloween": 182.67806,
    "Election Day": 4.00000,
    "Veteran's Day": 2.89865,
    "Thanksgiving": 4569.14184,
    "Christmas": 24953.70026,
    "New Year's Eve": 603.70009
}